{
  "posts": [
    {
      "data": {
        "userData": {
          "firstname": "ws",
          "lastname": "ssq",
          "email": "Amrish@hgmail.com",
          "mobile": "9898989898",
          "gender": "m"
        },
        "cartData": {
          "id": 1,
          "price": 20,
          "name": "Pizza Pepperoni",
          "favorite": false,
          "star": 2,
          "tags": [
            "FastFood",
            "Pizza",
            "Lunch"
          ],
          "imageUrl": "/assets/food-1.jpeg",
          "cookTime": "10-20 ",
          "origins": [
            "italy"
          ]
        }
      },
      "id": 7
    },
    {
      "data": {
        "userData": {
          "firstname": "test11",
          "lastname": "test11",
          "email": "Amrish@hgmail.com",
          "mobile": "9898989898",
          "gender": "m"
        },
        "cartData": {
          "id": 5,
          "price": 20,
          "name": "Pizza Pepperoni",
          "favorite": true,
          "star": 4.1,
          "tags": [
            "FastFood",
            "Pizza",
            "Lunch"
          ],
          "imageUrl": "/assets/food-5.jpeg",
          "cookTime": "15-20",
          "origins": [
            "italy"
          ]
        }
      },
      "id": 8
    },
    {
      "data": {
        "userData": {
          "firstname": "asd",
          "lastname": "asd",
          "email": "Amrish@hgmail.com",
          "mobile": "9898989898",
          "gender": "m"
        },
        "cartData": {
          "id": 6,
          "price": 20,
          "name": "Roll",
          "favorite": false,
          "star": 2,
          "tags": [
            "FastFood",
            "Roll"
          ],
          "imageUrl": "/assets/food-6.jpeg",
          "cookTime": "10-20 ",
          "origins": [
            "Japan"
          ]
        }
      },
      "id": 9
    },
    {
      "data": {
        "userData": {
          "firstname": "aSA",
          "lastname": "AsA",
          "email": "Amrish@hgmail.com",
          "mobile": "9898989898",
          "gender": "m"
        },
        "cartData": {
          "id": 3,
          "price": 25,
          "name": "Burger",
          "favorite": true,
          "star": 5,
          "tags": [
            "FastFood",
            "burger"
          ],
          "imageUrl": "/assets/food-3.jpeg",
          "cookTime": "15-20 ",
          "origins": [
            "china"
          ]
        }
      },
      "id": 10
    },
    {
      "data": {
        "userData": {
          "firstname": "aSA",
          "lastname": "AsA",
          "email": "Amrish@hgmail.com",
          "mobile": "9898989898",
          "gender": "m"
        },
        "cartData": {
          "id": 3,
          "price": 25,
          "name": "Burger",
          "favorite": true,
          "star": 5,
          "tags": [
            "FastFood",
            "burger"
          ],
          "imageUrl": "/assets/food-3.jpeg",
          "cookTime": "15-20 ",
          "origins": [
            "china"
          ]
        }
      },
      "id": 11
    }
  ],
  "comments": [
    {
      "id": 1,
      "body": "some comment",
      "postId": 1
    }
  ],
  "profile": {
    "name": "typicode"
  }
}